{
  "rows": [
    {
      "method": "Majority Voting",
      "accuracy": 0.5360501567398119,
      "precision": 0.4810344827586207,
      "recall": 0.49366258741258745,
      "macro_f1": 0.41096915859866257
    },
    {
      "method": "Average Probability Voting",
      "accuracy": 0.5360501567398119,
      "precision": 0.4810344827586207,
      "recall": 0.49366258741258745,
      "macro_f1": 0.41096915859866257
    },
    {
      "method": "Dynamic Single-Agent Weighting",
      "accuracy": 0.542319749216301,
      "precision": 0.4927291421856639,
      "recall": 0.49803321678321677,
      "macro_f1": 0.4055799469062692
    },
    {
      "method": "Choquet-inspired Pairwise Voting",
      "accuracy": 0.54858934169279,
      "precision": 0.5149408756791307,
      "recall": 0.503715034965035,
      "macro_f1": 0.4090768755788824
    }
  ]
}