{
  "note": "best_choquet_model.pt is a binary PyTorch checkpoint. Open this JSON file for a readable UTF-8 summary.",
  "agent_names": [
    "Semantic",
    "Emotion",
    "Intention",
    "Lexical",
    "Consistency"
  ],
  "pair_names": [
    "Semantic + Emotion",
    "Semantic + Intention",
    "Semantic + Lexical",
    "Semantic + Consistency",
    "Emotion + Intention",
    "Emotion + Lexical",
    "Emotion + Consistency",
    "Intention + Lexical",
    "Intention + Consistency",
    "Lexical + Consistency"
  ],
  "trainable_parameters": {
    "raw_single_m": [
      0.004999999888241291,
      -0.004999999888241291,
      -0.004999999888241291,
      0.004999999888241291,
      0.004999999888241291
    ],
    "raw_pair_m": [
      -0.004999999888241291,
      -0.004999999888241291,
      0.004999999888241291,
      0.004999999888241291,
      -0.004999999888241291,
      -0.004999999888241291,
      0.004999999888241291,
      -0.004999999888241291,
      0.004999999888241291,
      0.004999999888241291
    ],
    "logit_scale": 4.004998207092285,
    "logit_bias": [
      0.004999999888241291,
      -0.004999999888241291
    ]
  },
  "task_level_average_weights": {
    "clickbait": {
      "single_weights": {
        "Semantic": 0.200799,
        "Emotion": 0.198801,
        "Intention": 0.198801,
        "Lexical": 0.200799,
        "Consistency": 0.200799
      },
      "pair_weights": {
        "Semantic + Emotion": -0.0005,
        "Semantic + Intention": -0.0005,
        "Semantic + Lexical": 0.0005,
        "Semantic + Consistency": 0.0005,
        "Emotion + Intention": -0.0005,
        "Emotion + Lexical": -0.0005,
        "Emotion + Consistency": 0.0005,
        "Intention + Lexical": -0.0005,
        "Intention + Consistency": 0.0005,
        "Lexical + Consistency": 0.0005
      },
      "top_pair_weights": {
        "Semantic + Lexical": 0.0005,
        "Semantic + Consistency": 0.0005,
        "Emotion + Consistency": 0.0005,
        "Intention + Consistency": 0.0005,
        "Lexical + Consistency": 0.0005
      }
    }
  }
}