{
  "note": "best_choquet_model.pt is a binary PyTorch checkpoint. Open this JSON file for a readable UTF-8 summary.",
  "agent_names": [
    "Semantic",
    "Emotion",
    "Intention",
    "Lexical",
    "Consistency"
  ],
  "pair_names": [
    "Semantic + Emotion",
    "Semantic + Intention",
    "Semantic + Lexical",
    "Semantic + Consistency",
    "Emotion + Intention",
    "Emotion + Lexical",
    "Emotion + Consistency",
    "Intention + Lexical",
    "Intention + Consistency",
    "Lexical + Consistency"
  ],
  "trainable_parameters": {
    "a": [
      0.6164770126342773,
      0.6217129826545715,
      0.6236180067062378,
      0.7867469787597656,
      0.6357970237731934
    ],
    "b": [
      0.609807014465332,
      0.615867018699646,
      0.623308002948761,
      0.7795590162277222,
      0.6221429705619812
    ],
    "c": [
      0.3072830140590668,
      0.3122049868106842,
      0.3227739930152893,
      0.4866830110549927,
      0.32778000831604004
    ],
    "single_bias": [
      -0.09116099774837494,
      -0.08697299659252167,
      -0.08595699816942215,
      0.0868690013885498,
      -0.07504499703645706
    ],
    "u": [
      0.4059709906578064,
      0.4049229919910431,
      0.4514879882335663,
      0.4055179953575134,
      0.4056850075721741,
      0.444254994392395,
      0.4059610068798065,
      0.44176599383354187,
      0.4051220118999481,
      0.4446820020675659
    ],
    "v": [
      0.4033060073852539,
      0.40419700741767883,
      0.4394510090351105,
      0.4006749987602234,
      0.40120700001716614,
      0.44203099608421326,
      0.39937201142311096,
      0.4319080114364624,
      0.40597400069236755,
      0.4407750070095062
    ],
    "r": [
      0.40610799193382263,
      0.40522798895835876,
      0.44947800040245056,
      0.40571001172065735,
      0.40597400069236755,
      0.44854700565338135,
      0.4060940146446228,
      0.4491400122642517,
      0.4051789939403534,
      0.4506480097770691
    ],
    "pair_bias": [
      0.056074999272823334,
      0.05493900179862976,
      0.09764499962329865,
      0.055612001568078995,
      0.05569300055503845,
      0.09708700329065323,
      0.05599699914455414,
      0.0978740006685257,
      0.055128999054431915,
      0.09894800186157227
    ],
    "logit_scale": 4.104862213134766,
    "logit_bias": [
      0.10116299986839294,
      -0.10116299986839294
    ]
  },
  "task_level_average_weights": {
    "clickbait": {
      "single_weights": {
        "Semantic": 0.162333,
        "Emotion": 0.153501,
        "Intention": 0.198757,
        "Lexical": 0.37766,
        "Consistency": 0.10775
      },
      "pair_weights": {
        "Semantic + Emotion": 0.652629,
        "Semantic + Intention": 0.632485,
        "Semantic + Lexical": 0.694999,
        "Semantic + Consistency": 0.6168,
        "Emotion + Intention": 0.627937,
        "Emotion + Lexical": 0.688352,
        "Emotion + Consistency": 0.605038,
        "Intention + Lexical": 0.663282,
        "Intention + Consistency": 0.623718,
        "Lexical + Consistency": 0.617179
      },
      "top_pair_weights": {
        "Semantic + Lexical": 0.694999,
        "Emotion + Lexical": 0.688352,
        "Intention + Lexical": 0.663282,
        "Semantic + Emotion": 0.652629,
        "Semantic + Intention": 0.632485
      }
    },
    "implicit_sentiment": {
      "single_weights": {
        "Semantic": 0.171486,
        "Emotion": 0.298502,
        "Intention": 0.162513,
        "Lexical": 0.202028,
        "Consistency": 0.16547
      },
      "pair_weights": {
        "Semantic + Emotion": 0.623835,
        "Semantic + Intention": 0.591111,
        "Semantic + Lexical": 0.60823,
        "Semantic + Consistency": 0.610456,
        "Emotion + Intention": 0.600908,
        "Emotion + Lexical": 0.610046,
        "Emotion + Consistency": 0.611347,
        "Intention + Lexical": 0.634725,
        "Intention + Consistency": 0.593627,
        "Lexical + Consistency": 0.612322
      },
      "top_pair_weights": {
        "Intention + Lexical": 0.634725,
        "Semantic + Emotion": 0.623835,
        "Lexical + Consistency": 0.612322,
        "Emotion + Consistency": 0.611347,
        "Semantic + Consistency": 0.610456
      }
    }
  }
}