{
  "note": "best_choquet_model.pt is a binary PyTorch checkpoint. Open this JSON file for a readable UTF-8 summary.",
  "agent_names": [
    "Semantic",
    "Emotion",
    "Intention",
    "Lexical",
    "Consistency"
  ],
  "pair_names": [
    "Semantic + Emotion",
    "Semantic + Intention",
    "Semantic + Lexical",
    "Semantic + Consistency",
    "Emotion + Intention",
    "Emotion + Lexical",
    "Emotion + Consistency",
    "Intention + Lexical",
    "Intention + Consistency",
    "Lexical + Consistency"
  ],
  "trainable_parameters": {
    "raw_single_m": [
      -0.26586300134658813,
      0.0743819996714592,
      -0.17494000494480133,
      0.05249600112438202,
      0.1263429969549179
    ],
    "raw_pair_m": [
      -0.13928000628948212,
      -0.2813679873943329,
      -0.21633100509643555,
      -0.02745399996638298,
      -0.06554500013589859,
      0.07042299956083298,
      0.25021401047706604,
      -0.09432200342416763,
      0.05621400102972984,
      0.15281100571155548
    ],
    "logit_scale": 3.1166958808898926,
    "logit_bias": [
      0.37887701392173767,
      -0.37887701392173767
    ]
  },
  "task_level_average_weights": {
    "clickbait": {
      "single_weights": {
        "Semantic": 0.157341,
        "Emotion": 0.221111,
        "Intention": 0.172318,
        "Lexical": 0.216324,
        "Consistency": 0.232903
      },
      "pair_weights": {
        "Semantic + Emotion": -0.013839,
        "Semantic + Intention": -0.027417,
        "Semantic + Lexical": -0.021302,
        "Semantic + Consistency": -0.002745,
        "Emotion + Intention": -0.006545,
        "Emotion + Lexical": 0.007031,
        "Emotion + Consistency": 0.024512,
        "Intention + Lexical": -0.009404,
        "Intention + Consistency": 0.005615,
        "Lexical + Consistency": 0.015163
      },
      "top_pair_weights": {
        "Emotion + Consistency": 0.024512,
        "Lexical + Consistency": 0.015163,
        "Emotion + Lexical": 0.007031,
        "Intention + Consistency": 0.005615,
        "Semantic + Consistency": -0.002745
      }
    }
  }
}