{
  "note": "best_choquet_model.pt is a binary PyTorch checkpoint. Open this JSON file for a readable UTF-8 summary.",
  "agent_names": [
    "Semantic",
    "Emotion",
    "Intention",
    "Lexical",
    "Consistency"
  ],
  "pair_names": [
    "Semantic + Emotion",
    "Semantic + Intention",
    "Semantic + Lexical",
    "Semantic + Consistency",
    "Emotion + Intention",
    "Emotion + Lexical",
    "Emotion + Consistency",
    "Intention + Lexical",
    "Intention + Consistency",
    "Lexical + Consistency"
  ],
  "trainable_parameters": {
    "raw_single_m": [
      -0.07657500356435776,
      -0.07657399773597717,
      0.07653500139713287,
      0.07658399641513824,
      -0.07653100043535233
    ],
    "raw_pair_m": [
      -0.07657399773597717,
      0.0764470025897026,
      0.07660699635744095,
      -0.07655200362205505,
      0.07648299634456635,
      0.07660000026226044,
      -0.07654999941587448,
      0.07656099647283554,
      0.07655400037765503,
      0.07671300321817398
    ],
    "logit_scale": 3.9362618923187256,
    "logit_bias": [
      0.07895900309085846,
      -0.07895900309085846
    ]
  },
  "task_level_average_weights": {
    "clickbait": {
      "single_weights": {
        "Semantic": 0.187582,
        "Emotion": 0.187582,
        "Intention": 0.218618,
        "Lexical": 0.218629,
        "Consistency": 0.18759
      },
      "pair_weights": {
        "Semantic + Emotion": -0.007642,
        "Semantic + Intention": 0.00763,
        "Semantic + Lexical": 0.007646,
        "Semantic + Consistency": -0.00764,
        "Emotion + Intention": 0.007633,
        "Emotion + Lexical": 0.007645,
        "Emotion + Consistency": -0.00764,
        "Intention + Lexical": 0.007641,
        "Intention + Consistency": 0.00764,
        "Lexical + Consistency": 0.007656
      },
      "top_pair_weights": {
        "Lexical + Consistency": 0.007656,
        "Semantic + Lexical": 0.007646,
        "Emotion + Lexical": 0.007645,
        "Intention + Lexical": 0.007641,
        "Intention + Consistency": 0.00764
      }
    },
    "implicit_sentiment": {
      "single_weights": {
        "Semantic": 0.187582,
        "Emotion": 0.187582,
        "Intention": 0.218618,
        "Lexical": 0.218629,
        "Consistency": 0.18759
      },
      "pair_weights": {
        "Semantic + Emotion": -0.007642,
        "Semantic + Intention": 0.00763,
        "Semantic + Lexical": 0.007646,
        "Semantic + Consistency": -0.00764,
        "Emotion + Intention": 0.007633,
        "Emotion + Lexical": 0.007645,
        "Emotion + Consistency": -0.00764,
        "Intention + Lexical": 0.007641,
        "Intention + Consistency": 0.00764,
        "Lexical + Consistency": 0.007656
      },
      "top_pair_weights": {
        "Lexical + Consistency": 0.007656,
        "Semantic + Lexical": 0.007646,
        "Emotion + Lexical": 0.007645,
        "Intention + Lexical": 0.007641,
        "Intention + Consistency": 0.00764
      }
    }
  }
}