{
  "note": "best_choquet_model.pt is a binary PyTorch checkpoint. Open this JSON file for a readable UTF-8 summary.",
  "agent_names": [
    "Semantic",
    "Emotion",
    "Intention",
    "Lexical",
    "Consistency"
  ],
  "pair_names": [
    "Semantic + Emotion",
    "Semantic + Intention",
    "Semantic + Lexical",
    "Semantic + Consistency",
    "Emotion + Intention",
    "Emotion + Lexical",
    "Emotion + Consistency",
    "Intention + Lexical",
    "Intention + Consistency",
    "Lexical + Consistency"
  ],
  "trainable_parameters": {
    "raw_single_m": [
      -0.07953300327062607,
      -0.07199700176715851,
      0.07774999737739563,
      -0.07953300327062607,
      -0.07953300327062607
    ],
    "raw_pair_m": [
      -0.07593300193548203,
      0.0770070031285286,
      -0.0796160027384758,
      -0.0796160027384758,
      0.07943899929523468,
      -0.07593300193548203,
      -0.07593300193548203,
      0.0770070031285286,
      0.0770070031285286,
      -0.0796160027384758
    ],
    "logit_scale": 3.9164679050445557,
    "logit_bias": [
      0.08584800362586975,
      -0.08584800362586975
    ]
  },
  "task_level_average_weights": {
    "clickbait": {
      "single_weights": {
        "Semantic": 0.193129,
        "Emotion": 0.19459,
        "Intention": 0.226024,
        "Lexical": 0.193129,
        "Consistency": 0.193129
      },
      "pair_weights": {
        "Semantic + Emotion": -0.007579,
        "Semantic + Intention": 0.007686,
        "Semantic + Lexical": -0.007945,
        "Semantic + Consistency": -0.007945,
        "Emotion + Intention": 0.007927,
        "Emotion + Lexical": -0.007579,
        "Emotion + Consistency": -0.007579,
        "Intention + Lexical": 0.007686,
        "Intention + Consistency": 0.007686,
        "Lexical + Consistency": -0.007945
      },
      "top_pair_weights": {
        "Emotion + Intention": 0.007927,
        "Semantic + Intention": 0.007686,
        "Intention + Lexical": 0.007686,
        "Intention + Consistency": 0.007686,
        "Semantic + Emotion": -0.007579
      }
    }
  }
}