{
  "note": "best_choquet_model.pt is a binary PyTorch checkpoint. Open this JSON file for a readable UTF-8 summary.",
  "agent_names": [
    "Semantic",
    "Emotion",
    "Intention",
    "Lexical",
    "Consistency"
  ],
  "pair_names": [
    "Semantic + Emotion",
    "Semantic + Intention",
    "Semantic + Lexical",
    "Semantic + Consistency",
    "Emotion + Intention",
    "Emotion + Lexical",
    "Emotion + Consistency",
    "Intention + Lexical",
    "Intention + Consistency",
    "Lexical + Consistency"
  ],
  "trainable_parameters": {
    "a": [
      0.6164770126342773,
      0.6217129826545715,
      0.6236280202865601,
      0.7867469787597656,
      0.635798990726471
    ],
    "b": [
      0.609807014465332,
      0.615867018699646,
      0.6233109831809998,
      0.7795590162277222,
      0.6221439838409424
    ],
    "c": [
      0.3072830140590668,
      0.3122040033340454,
      0.32277700304985046,
      0.4866830110549927,
      0.32778099179267883
    ],
    "single_bias": [
      -0.09116200357675552,
      -0.08697400242090225,
      -0.08595500141382217,
      0.0868690013885498,
      -0.07504399865865707
    ],
    "u": [
      0.4058679938316345,
      0.4049069881439209,
      0.45148900151252747,
      0.4055129885673523,
      0.4055689871311188,
      0.444254994392395,
      0.405923992395401,
      0.44176599383354187,
      0.4051159918308258,
      0.4446820020675659
    ],
    "v": [
      0.40276700258255005,
      0.40375399589538574,
      0.4394510090351105,
      0.4002639949321747,
      0.4008750021457672,
      0.44203099608421326,
      0.39906200766563416,
      0.4319080114364624,
      0.4057230055332184,
      0.440775990486145
    ],
    "r": [
      0.40539100766181946,
      0.40449199080467224,
      0.44947901368141174,
      0.4049690067768097,
      0.40523698925971985,
      0.44854798913002014,
      0.40534698963165283,
      0.4491409957408905,
      0.4044240117073059,
      0.4506489932537079
    ],
    "pair_bias": [
      0.055358000099658966,
      0.05420299991965294,
      0.09764599800109863,
      0.05487100034952164,
      0.054954998195171356,
      0.09708700329065323,
      0.05525000020861626,
      0.09787499904632568,
      0.05437399819493294,
      0.09894800186157227
    ],
    "logit_scale": 4.104862213134766,
    "logit_bias": [
      0.10116299986839294,
      -0.10116299986839294
    ]
  },
  "task_level_average_weights": {
    "clickbait": {
      "single_weights": {
        "Semantic": 0.162332,
        "Emotion": 0.1535,
        "Intention": 0.198759,
        "Lexical": 0.377659,
        "Consistency": 0.10775
      },
      "pair_weights": {
        "Semantic + Emotion": 0.652258,
        "Semantic + Intention": 0.632127,
        "Semantic + Lexical": 0.695,
        "Semantic + Consistency": 0.616447,
        "Emotion + Intention": 0.627599,
        "Emotion + Lexical": 0.688353,
        "Emotion + Consistency": 0.604703,
        "Intention + Lexical": 0.663283,
        "Intention + Consistency": 0.623367,
        "Lexical + Consistency": 0.617179
      },
      "top_pair_weights": {
        "Semantic + Lexical": 0.695,
        "Emotion + Lexical": 0.688353,
        "Intention + Lexical": 0.663283,
        "Semantic + Emotion": 0.652258,
        "Semantic + Intention": 0.632127
      }
    },
    "implicit_sentiment": {
      "single_weights": {
        "Semantic": 0.171486,
        "Emotion": 0.298501,
        "Intention": 0.162514,
        "Lexical": 0.202028,
        "Consistency": 0.16547
      },
      "pair_weights": {
        "Semantic + Emotion": 0.623501,
        "Semantic + Intention": 0.590799,
        "Semantic + Lexical": 0.60823,
        "Semantic + Consistency": 0.61011,
        "Emotion + Intention": 0.6006,
        "Emotion + Lexical": 0.610046,
        "Emotion + Consistency": 0.611004,
        "Intention + Lexical": 0.634725,
        "Intention + Consistency": 0.5933,
        "Lexical + Consistency": 0.612322
      },
      "top_pair_weights": {
        "Intention + Lexical": 0.634725,
        "Semantic + Emotion": 0.623501,
        "Lexical + Consistency": 0.612322,
        "Emotion + Consistency": 0.611004,
        "Semantic + Consistency": 0.61011
      }
    }
  }
}