{
  "rows": [
    {
      "method": "Majority Voting",
      "accuracy": 0.6144200626959248,
      "precision": 0.6241878559396807,
      "recall": 0.6230332167832168,
      "macro_f1": 0.6142836077660359
    },
    {
      "method": "Average Probability Voting",
      "accuracy": 0.6112852664576802,
      "precision": 0.6215445194471231,
      "recall": 0.6201923076923077,
      "macro_f1": 0.6110980022022967
    },
    {
      "method": "Dynamic Single-Agent Weighting",
      "accuracy": 0.6426332288401254,
      "precision": 0.6378446115288221,
      "recall": 0.6354895104895105,
      "macro_f1": 0.6360196973336536
    },
    {
      "method": "Choquet-inspired Pairwise Voting",
      "accuracy": 0.6426332288401254,
      "precision": 0.639436006960924,
      "recall": 0.6400786713286714,
      "macro_f1": 0.6396551724137931
    }
  ]
}