{
  "rows": [
    {
      "method": "Majority Voting",
      "accuracy": 0.5736677115987461,
      "precision": 0.5861823361823362,
      "recall": 0.5841346153846154,
      "macro_f1": 0.5729585006693441
    },
    {
      "method": "Average Probability Voting",
      "accuracy": 0.5768025078369906,
      "precision": 0.5899836801305589,
      "recall": 0.5876311188811189,
      "macro_f1": 0.5759858218874612
    },
    {
      "method": "Dynamic Single-Agent Weighting",
      "accuracy": 0.5768025078369906,
      "precision": 0.5757039484033349,
      "recall": 0.576486013986014,
      "macro_f1": 0.5751324473910084
    },
    {
      "method": "Choquet-inspired Pairwise Voting",
      "accuracy": 0.5987460815047022,
      "precision": 0.5992412925544461,
      "recall": 0.6003059440559441,
      "macro_f1": 0.5978569177434605
    }
  ]
}