{
  "note": "best_choquet_model.pt is a binary PyTorch checkpoint. Open this JSON file for a readable UTF-8 summary.",
  "agent_names": [
    "Semantic",
    "Emotion",
    "Intention",
    "Lexical",
    "Consistency"
  ],
  "pair_names": [
    "Semantic + Emotion",
    "Semantic + Intention",
    "Semantic + Lexical",
    "Semantic + Consistency",
    "Emotion + Intention",
    "Emotion + Lexical",
    "Emotion + Consistency",
    "Intention + Lexical",
    "Intention + Consistency",
    "Lexical + Consistency"
  ],
  "trainable_parameters": {
    "a": [
      0.6711850166320801,
      0.8154100179672241,
      0.5977740287780762,
      0.7683290243148804,
      0.7542600035667419
    ],
    "b": [
      0.7238100171089172,
      0.653082013130188,
      0.638608992099762,
      0.773239016532898,
      0.6960570216178894
    ],
    "c": [
      0.35666799545288086,
      0.5170339941978455,
      0.2861419916152954,
      0.463578999042511,
      0.4409849941730499
    ],
    "single_bias": [
      -0.02880599908530712,
      0.11542099714279175,
      -0.10221599787473679,
      0.06833899766206741,
      0.054269999265670776
    ],
    "u": [
      0.22351300716400146,
      0.22401799261569977,
      0.30410701036453247,
      0.3236739933490753,
      0.22091500461101532,
      0.34411299228668213,
      0.35304200649261475,
      0.22443099319934845,
      0.24164000153541565,
      0.3567180037498474
    ],
    "v": [
      0.2738949954509735,
      0.37862399220466614,
      0.31704699993133545,
      0.323870986700058,
      0.25874000787734985,
      0.3177410066127777,
      0.32092899084091187,
      0.325111985206604,
      0.3309600055217743,
      0.31244999170303345
    ],
    "r": [
      0.22576099634170532,
      0.22627900540828705,
      0.309004008769989,
      0.3231230080127716,
      0.22217899560928345,
      0.34605398774147034,
      0.35311999917030334,
      0.2259110063314438,
      0.24241900444030762,
      0.35979899764060974
    ],
    "pair_bias": [
      -0.12658600509166718,
      -0.12598399817943573,
      -0.04579700157046318,
      -0.026234999299049377,
      -0.12908299267292023,
      -0.005882000084966421,
      0.00304899993352592,
      -0.1255660057067871,
      -0.10835999995470047,
      0.006723000202327967
    ],
    "logit_scale": 3.880358934402466,
    "logit_bias": [
      -0.0649930015206337,
      0.0649930015206337
    ]
  },
  "task_level_average_weights": {
    "clickbait": {
      "single_weights": {
        "Semantic": 0.164068,
        "Emotion": 0.1909,
        "Intention": 0.264835,
        "Lexical": 0.201124,
        "Consistency": 0.179074
      },
      "pair_weights": {
        "Semantic + Emotion": 0.522744,
        "Semantic + Intention": 0.538547,
        "Semantic + Lexical": 0.559218,
        "Semantic + Consistency": 0.547532,
        "Emotion + Intention": 0.526501,
        "Emotion + Lexical": 0.582642,
        "Emotion + Consistency": 0.567781,
        "Intention + Lexical": 0.537397,
        "Intention + Consistency": 0.521238,
        "Lexical + Consistency": 0.57397
      },
      "top_pair_weights": {
        "Emotion + Lexical": 0.582642,
        "Lexical + Consistency": 0.57397,
        "Emotion + Consistency": 0.567781,
        "Semantic + Lexical": 0.559218,
        "Semantic + Consistency": 0.547532
      }
    }
  }
}