{
  "rows": [
    {
      "method": "Majority Voting",
      "accuracy": 0.5360501567398119,
      "precision": 0.40909090909090906,
      "recall": 0.48776223776223776,
      "macro_f1": 0.3665879574970484
    },
    {
      "method": "Average Probability Voting",
      "accuracy": 0.5360501567398119,
      "precision": 0.40909090909090906,
      "recall": 0.48776223776223776,
      "macro_f1": 0.3665879574970484
    },
    {
      "method": "Dynamic Single-Agent Weighting",
      "accuracy": 0.5391849529780565,
      "precision": 0.4234627831715211,
      "recall": 0.4906031468531468,
      "macro_f1": 0.36806145138467755
    },
    {
      "method": "Choquet-inspired Pairwise Voting",
      "accuracy": 0.5391849529780565,
      "precision": 0.4234627831715211,
      "recall": 0.4906031468531468,
      "macro_f1": 0.36806145138467755
    }
  ]
}