{
  "rows": [
    {
      "method": "Majority Voting",
      "accuracy": 0.5360501567398119,
      "precision": 0.40909090909090906,
      "recall": 0.48776223776223776,
      "macro_f1": 0.3665879574970484
    },
    {
      "method": "Average Probability Voting",
      "accuracy": 0.5360501567398119,
      "precision": 0.40909090909090906,
      "recall": 0.48776223776223776,
      "macro_f1": 0.3665879574970484
    },
    {
      "method": "Dynamic Single-Agent Weighting",
      "accuracy": 0.542319749216301,
      "precision": 0.4408602150537634,
      "recall": 0.49344405594405594,
      "macro_f1": 0.36953108078839075
    },
    {
      "method": "Choquet-inspired Pairwise Voting",
      "accuracy": 0.542319749216301,
      "precision": 0.4408602150537634,
      "recall": 0.49344405594405594,
      "macro_f1": 0.36953108078839075
    }
  ]
}