{
  "note": "best_choquet_model.pt is a binary PyTorch checkpoint. Open this JSON file for a readable UTF-8 summary.",
  "agent_names": [
    "Semantic",
    "Emotion",
    "Intention",
    "Lexical",
    "Consistency"
  ],
  "pair_names": [
    "Semantic + Emotion",
    "Semantic + Intention",
    "Semantic + Lexical",
    "Semantic + Consistency",
    "Emotion + Intention",
    "Emotion + Lexical",
    "Emotion + Consistency",
    "Intention + Lexical",
    "Intention + Consistency",
    "Lexical + Consistency"
  ],
  "trainable_parameters": {
    "raw_single_m": [
      -0.6534069776535034,
      -0.29594001173973083,
      0.07002399861812592,
      0.5343160033226013,
      0.0948840007185936
    ],
    "raw_pair_m": [
      -0.6866350173950195,
      -0.48971301317214966,
      -0.18081699311733246,
      -0.48478999733924866,
      -0.12480100244283676,
      0.271136999130249,
      -0.20433899760246277,
      0.6590219736099243,
      0.19418999552726746,
      0.5579320192337036
    ],
    "logit_scale": 2.7648959159851074,
    "logit_bias": [
      0.1862500011920929,
      -0.18625099956989288
    ]
  },
  "task_level_average_weights": {
    "implicit_sentiment": {
      "single_weights": {
        "Semantic": 0.101172,
        "Emotion": 0.144646,
        "Intention": 0.208565,
        "Lexical": 0.331802,
        "Consistency": 0.213814
      },
      "pair_weights": {
        "Semantic + Emotion": -0.059582,
        "Semantic + Intention": -0.045399,
        "Semantic + Lexical": -0.017887,
        "Semantic + Consistency": -0.045007,
        "Emotion + Intention": -0.012416,
        "Emotion + Lexical": 0.026468,
        "Emotion + Consistency": -0.020154,
        "Intention + Lexical": 0.057772,
        "Intention + Consistency": 0.019178,
        "Lexical + Consistency": 0.050644
      },
      "top_pair_weights": {
        "Intention + Lexical": 0.057772,
        "Lexical + Consistency": 0.050644,
        "Emotion + Lexical": 0.026468,
        "Intention + Consistency": 0.019178,
        "Emotion + Intention": -0.012416
      }
    }
  }
}