{
  "note": "best_choquet_model.pt is a binary PyTorch checkpoint. Open this JSON file for a readable UTF-8 summary.",
  "agent_names": [
    "Semantic",
    "Emotion",
    "Intention",
    "Lexical",
    "Consistency"
  ],
  "pair_names": [
    "Semantic + Emotion",
    "Semantic + Intention",
    "Semantic + Lexical",
    "Semantic + Consistency",
    "Emotion + Intention",
    "Emotion + Lexical",
    "Emotion + Consistency",
    "Intention + Lexical",
    "Intention + Consistency",
    "Lexical + Consistency"
  ],
  "trainable_parameters": {
    "raw_single_m": [
      0.5750600099563599,
      -0.9353960156440735,
      -1.0108089447021484,
      0.29313400387763977,
      0.7560170292854309
    ],
    "raw_pair_m": [
      -1.0255169868469238,
      -1.1329079866409302,
      -0.0198340006172657,
      0.20620399713516235,
      -1.247575044631958,
      -1.036510944366455,
      -0.9216439723968506,
      -1.0698599815368652,
      -1.0193979740142822,
      0.025624999776482582
    ],
    "logit_scale": 2.1276400089263916,
    "logit_bias": [
      0.8706719875335693,
      -0.8706719875335693
    ]
  },
  "task_level_average_weights": {
    "fake_news": {
      "single_weights": {
        "Semantic": 0.296009,
        "Emotion": 0.065362,
        "Intention": 0.060614,
        "Lexical": 0.223289,
        "Consistency": 0.354727
      },
      "pair_weights": {
        "Semantic + Emotion": -0.07721,
        "Semantic + Intention": -0.081201,
        "Semantic + Lexical": -0.001983,
        "Semantic + Consistency": 0.020333,
        "Emotion + Intention": -0.08476,
        "Emotion + Lexical": -0.077651,
        "Emotion + Consistency": -0.072667,
        "Intention + Lexical": -0.078941,
        "Intention + Consistency": -0.076962,
        "Lexical + Consistency": 0.002562
      },
      "top_pair_weights": {
        "Semantic + Consistency": 0.020333,
        "Lexical + Consistency": 0.002562,
        "Semantic + Lexical": -0.001983,
        "Emotion + Consistency": -0.072667,
        "Intention + Consistency": -0.076962
      }
    }
  }
}