{
  "note": "best_choquet_model.pt is a binary PyTorch checkpoint. Open this JSON file for a readable UTF-8 summary.",
  "agent_names": [
    "Semantic",
    "Emotion",
    "Intention",
    "Lexical",
    "Consistency"
  ],
  "pair_names": [
    "Semantic + Emotion",
    "Semantic + Intention",
    "Semantic + Lexical",
    "Semantic + Consistency",
    "Emotion + Intention",
    "Emotion + Lexical",
    "Emotion + Consistency",
    "Intention + Lexical",
    "Intention + Consistency",
    "Lexical + Consistency"
  ],
  "trainable_parameters": {
    "raw_single_m": [
      -0.0913039967417717,
      -0.10120400041341782,
      -0.07662300020456314,
      0.08735200017690659,
      -0.06882800161838531
    ],
    "raw_pair_m": [
      -0.09798300266265869,
      -0.08456700295209885,
      0.08500699698925018,
      -0.08144199848175049,
      -0.09291300177574158,
      0.07869900017976761,
      -0.09026999771595001,
      0.08948899805545807,
      -0.0733800008893013,
      0.09171699732542038
    ],
    "logit_scale": 4.104935169219971,
    "logit_bias": [
      0.10252700001001358,
      -0.10252700001001358
    ]
  },
  "task_level_average_weights": {
    "clickbait": {
      "single_weights": {
        "Semantic": 0.191451,
        "Emotion": 0.189565,
        "Intention": 0.194282,
        "Lexical": 0.2289,
        "Consistency": 0.195802
      },
      "pair_weights": {
        "Semantic + Emotion": -0.009767,
        "Semantic + Intention": -0.008437,
        "Semantic + Lexical": 0.00848,
        "Semantic + Consistency": -0.008126,
        "Emotion + Intention": -0.009265,
        "Emotion + Lexical": 0.007854,
        "Emotion + Consistency": -0.009003,
        "Intention + Lexical": 0.008925,
        "Intention + Consistency": -0.007325,
        "Lexical + Consistency": 0.009146
      },
      "top_pair_weights": {
        "Lexical + Consistency": 0.009146,
        "Intention + Lexical": 0.008925,
        "Semantic + Lexical": 0.00848,
        "Emotion + Lexical": 0.007854,
        "Intention + Consistency": -0.007325
      }
    },
    "implicit_sentiment": {
      "single_weights": {
        "Semantic": 0.191451,
        "Emotion": 0.189565,
        "Intention": 0.194282,
        "Lexical": 0.2289,
        "Consistency": 0.195802
      },
      "pair_weights": {
        "Semantic + Emotion": -0.009767,
        "Semantic + Intention": -0.008437,
        "Semantic + Lexical": 0.00848,
        "Semantic + Consistency": -0.008126,
        "Emotion + Intention": -0.009265,
        "Emotion + Lexical": 0.007854,
        "Emotion + Consistency": -0.009003,
        "Intention + Lexical": 0.008925,
        "Intention + Consistency": -0.007325,
        "Lexical + Consistency": 0.009146
      },
      "top_pair_weights": {
        "Lexical + Consistency": 0.009146,
        "Intention + Lexical": 0.008925,
        "Semantic + Lexical": 0.00848,
        "Emotion + Lexical": 0.007854,
        "Intention + Consistency": -0.007325
      }
    }
  }
}