{
  "note": "best_choquet_model.pt is a binary PyTorch checkpoint. Open this JSON file for a readable UTF-8 summary.",
  "agent_names": [
    "Semantic",
    "Emotion",
    "Intention",
    "Lexical",
    "Consistency"
  ],
  "pair_names": [
    "Semantic + Emotion",
    "Semantic + Intention",
    "Semantic + Lexical",
    "Semantic + Consistency",
    "Emotion + Intention",
    "Emotion + Lexical",
    "Emotion + Consistency",
    "Intention + Lexical",
    "Intention + Consistency",
    "Lexical + Consistency"
  ],
  "trainable_parameters": {
    "raw_single_m": [
      -0.009999999776482582,
      0.009999999776482582,
      -0.009999999776482582,
      0.009999999776482582,
      0.009999999776482582
    ],
    "raw_pair_m": [
      -0.009999999776482582,
      -0.009999999776482582,
      -0.009999999776482582,
      -0.009999999776482582,
      -0.009999999776482582,
      0.009999999776482582,
      0.009999999776482582,
      0.009999999776482582,
      0.009999999776482582,
      0.009999999776482582
    ],
    "logit_scale": 3.990000009536743,
    "logit_bias": [
      0.009999999776482582,
      -0.009999999776482582
    ]
  },
  "task_level_average_weights": {
    "clickbait": {
      "single_weights": {
        "Semantic": 0.197605,
        "Emotion": 0.201597,
        "Intention": 0.197605,
        "Lexical": 0.201597,
        "Consistency": 0.201597
      },
      "pair_weights": {
        "Semantic + Emotion": -0.001,
        "Semantic + Intention": -0.001,
        "Semantic + Lexical": -0.001,
        "Semantic + Consistency": -0.001,
        "Emotion + Intention": -0.001,
        "Emotion + Lexical": 0.001,
        "Emotion + Consistency": 0.001,
        "Intention + Lexical": 0.001,
        "Intention + Consistency": 0.001,
        "Lexical + Consistency": 0.001
      },
      "top_pair_weights": {
        "Emotion + Lexical": 0.001,
        "Emotion + Consistency": 0.001,
        "Intention + Lexical": 0.001,
        "Intention + Consistency": 0.001,
        "Lexical + Consistency": 0.001
      }
    }
  }
}