{
  "rows": [
    {
      "method": "Majority Voting",
      "accuracy": 0.6875,
      "precision": 0.6875,
      "recall": 0.6904761904761905,
      "macro_f1": 0.6862745098039216
    },
    {
      "method": "Average Probability Voting",
      "accuracy": 0.6875,
      "precision": 0.6875,
      "recall": 0.6904761904761905,
      "macro_f1": 0.6862745098039216
    },
    {
      "method": "Dynamic Single-Agent Weighting",
      "accuracy": 0.6875,
      "precision": 0.6875,
      "recall": 0.6904761904761905,
      "macro_f1": 0.6862745098039216
    },
    {
      "method": "Choquet-inspired Pairwise Voting",
      "accuracy": 0.6875,
      "precision": 0.6875,
      "recall": 0.6904761904761905,
      "macro_f1": 0.6862745098039216
    }
  ]
}