{
  "note": "best_choquet_model.pt is a binary PyTorch checkpoint. Open this JSON file for a readable UTF-8 summary.",
  "agent_names": [
    "Semantic",
    "Emotion",
    "Intention",
    "Lexical",
    "Consistency"
  ],
  "pair_names": [
    "Semantic + Emotion",
    "Semantic + Intention",
    "Semantic + Lexical",
    "Semantic + Consistency",
    "Emotion + Intention",
    "Emotion + Lexical",
    "Emotion + Consistency",
    "Intention + Lexical",
    "Intention + Consistency",
    "Lexical + Consistency"
  ],
  "trainable_parameters": {
    "a": [
      0.7177810072898865,
      0.7043089866638184,
      0.7245740294456482,
      0.7732880115509033,
      0.6480569839477539
    ],
    "b": [
      0.7066649794578552,
      0.7043099999427795,
      0.7825390100479126,
      0.7732869982719421,
      0.6262620091438293
    ],
    "c": [
      0.4128679931163788,
      0.40431201457977295,
      0.4223099946975708,
      0.4731200039386749,
      0.3423070013523102
    ],
    "single_bias": [
      0.017788000404834747,
      0.004315999802201986,
      0.024582000449299812,
      0.073294997215271,
      -0.05193600058555603
    ],
    "u": [
      0.37389901280403137,
      0.36725500226020813,
      0.39691999554634094,
      0.2529599964618683,
      0.36921799182891846,
      0.4264419972896576,
      0.2850239872932434,
      0.38723599910736084,
      0.2530530095100403,
      0.3211050033569336
    ],
    "v": [
      0.35902100801467896,
      0.3567520081996918,
      0.3332799971103668,
      0.2823930084705353,
      0.4108630120754242,
      0.426268994808197,
      0.2703860104084015,
      0.4133790135383606,
      0.2798129916191101,
      0.28194698691368103
    ],
    "r": [
      0.3749670088291168,
      0.37314099073410034,
      0.4032439887523651,
      0.3385550081729889,
      0.3705340027809143,
      0.42674800753593445,
      0.28121399879455566,
      0.3949039876461029,
      0.3345550000667572,
      0.3288930058479309
    ],
    "pair_bias": [
      0.02391899935901165,
      0.017260000109672546,
      0.04693400114774704,
      -0.09718800336122513,
      0.01922300085425377,
      0.07645600289106369,
      -0.06498999893665314,
      0.03723999857902527,
      -0.096949003636837,
      -0.028896000236272812
    ],
    "logit_scale": 4.011275768280029,
    "logit_bias": [
      0.030548999086022377,
      -0.030548999086022377
    ]
  },
  "task_level_average_weights": {
    "clickbait": {
      "single_weights": {
        "Semantic": 0.143393,
        "Emotion": 0.179038,
        "Intention": 0.334674,
        "Lexical": 0.229087,
        "Consistency": 0.113808
      },
      "pair_weights": {
        "Semantic + Emotion": 0.594314,
        "Semantic + Intention": 0.607686,
        "Semantic + Lexical": 0.632354,
        "Semantic + Consistency": 0.534377,
        "Emotion + Intention": 0.589806,
        "Emotion + Lexical": 0.629534,
        "Emotion + Consistency": 0.540595,
        "Intention + Lexical": 0.652842,
        "Intention + Consistency": 0.52907,
        "Lexical + Consistency": 0.558534
      },
      "top_pair_weights": {
        "Intention + Lexical": 0.652842,
        "Semantic + Lexical": 0.632354,
        "Emotion + Lexical": 0.629534,
        "Semantic + Intention": 0.607686,
        "Semantic + Emotion": 0.594314
      }
    }
  }
}