{
  "note": "best_choquet_model.pt is a binary PyTorch checkpoint. Open this JSON file for a readable UTF-8 summary.",
  "agent_names": [
    "Semantic",
    "Emotion",
    "Intention",
    "Lexical",
    "Consistency"
  ],
  "pair_names": [
    "Semantic + Emotion",
    "Semantic + Intention",
    "Semantic + Lexical",
    "Semantic + Consistency",
    "Emotion + Intention",
    "Emotion + Lexical",
    "Emotion + Consistency",
    "Intention + Lexical",
    "Intention + Consistency",
    "Lexical + Consistency"
  ],
  "trainable_parameters": {
    "raw_single_m": [
      -0.10144100338220596,
      -0.8235489726066589,
      -0.2864820063114166,
      1.0879520177841187,
      -0.2601360082626343
    ],
    "raw_pair_m": [
      -0.5929650068283081,
      -0.29159998893737793,
      0.49059298634529114,
      -0.1103769987821579,
      -0.6256309747695923,
      0.14003799855709076,
      -0.7740479707717896,
      0.3610450029373169,
      -0.43771499395370483,
      0.39616599678993225
    ],
    "logit_scale": 1.2081660032272339,
    "logit_bias": [
      0.07108999788761139,
      -0.07108999788761139
    ]
  },
  "task_level_average_weights": {
    "clickbait": {
      "single_weights": {
        "Semantic": 0.154915,
        "Emotion": 0.075247,
        "Intention": 0.128746,
        "Lexical": 0.508911,
        "Consistency": 0.132183
      },
      "pair_weights": {
        "Semantic + Emotion": -0.053203,
        "Semantic + Intention": -0.028361,
        "Semantic + Lexical": 0.045469,
        "Semantic + Consistency": -0.010993,
        "Emotion + Intention": -0.055504,
        "Emotion + Lexical": 0.013913,
        "Emotion + Consistency": -0.064928,
        "Intention + Lexical": 0.034614,
        "Intention + Consistency": -0.041175,
        "Lexical + Consistency": 0.037666
      },
      "top_pair_weights": {
        "Semantic + Lexical": 0.045469,
        "Lexical + Consistency": 0.037666,
        "Intention + Lexical": 0.034614,
        "Emotion + Lexical": 0.013913,
        "Semantic + Consistency": -0.010993
      }
    }
  }
}